period,actual_revenue,budget_revenue,forecast_revenue,var_vs_budget,var_vs_budget_pct,var_vs_forecast,actual_gm_pct,budget_gm_pct
2025-01,506363.0,511547.0,506363.0,-5184.0,-1.0,0.0,57.2,57.1
2025-02,529882.0,535377.0,529882.0,-5495.0,-1.0,0.0,57.2,57.1
2025-03,576969.0,582953.0,576969.0,-5984.0,-1.0,0.0,57.2,57.1
2025-04,612421.0,618740.0,612421.0,-6319.0,-1.0,0.0,57.2,57.1
2025-05,636015.0,642570.0,636015.0,-6555.0,-1.0,0.0,57.2,57.1
2025-06,659535.0,666316.0,659535.0,-6781.0,-1.0,0.0,57.2,57.1
2025-07,624214.0,630613.0,624214.0,-6399.0,-1.0,0.0,57.2,57.1
2025-08,600723.0,606867.0,600723.0,-6144.0,-1.0,0.0,57.2,57.1
2025-09,647702.0,654443.0,647702.0,-6741.0,-1.0,0.0,57.2,57.1
2025-10,683026.0,690104.0,683026.0,-7078.0,-1.0,0.0,57.2,57.1
2025-11,718500.0,725807.0,718500.0,-7307.0,-1.0,0.0,57.2,57.1
2025-12,765524.0,773425.0,765524.0,-7901.0,-1.0,0.0,57.2,57.1
2026-01,546891.0,552531.0,546891.0,-5639.0,-1.0,0.0,57.2,57.1
2026-02,572288.0,578198.0,572288.0,-5910.0,-1.0,0.0,57.2,57.1
2026-03,623245.0,629620.0,623245.0,-6375.0,-1.0,0.0,57.2,57.1
