period,cost_center,cost_center_name,gl_account,budget,actual,forecast
2025-01,CC-110,Sales,Compensation,62000,62000,62000
2025-01,CC-110,Sales,T&E,8000,7280,7280
2025-01,CC-210,Marketing,Media,28000,31360,31360
2025-01,CC-210,Marketing,Agency,9000,9000,9000
2025-01,CC-310,Operations,Warehouse,22000,22000,22000
2025-01,CC-310,Operations,Freight,14000,15120,15120
2025-01,CC-410,G&A,Technology,11000,11000,11000
2025-01,CC-410,G&A,Professional fees,6000,6000,6000
2025-02,CC-110,Sales,Compensation,62000,62000,62000
2025-02,CC-110,Sales,T&E,8000,7280,7280
2025-02,CC-210,Marketing,Media,28000,31360,31360
2025-02,CC-210,Marketing,Agency,9000,9000,9000
2025-02,CC-310,Operations,Warehouse,22000,22000,22000
2025-02,CC-310,Operations,Freight,14000,15120,15120
2025-02,CC-410,G&A,Technology,11000,11000,11000
2025-02,CC-410,G&A,Professional fees,6000,6000,6000
2025-03,CC-110,Sales,Compensation,62000,62000,62000
2025-03,CC-110,Sales,T&E,8000,7280,7280
2025-03,CC-210,Marketing,Media,28000,31360,31360
2025-03,CC-210,Marketing,Agency,9000,9000,9000
2025-03,CC-310,Operations,Warehouse,22000,22000,22000
2025-03,CC-310,Operations,Freight,14000,15120,15120
2025-03,CC-410,G&A,Technology,11000,11000,11000
2025-03,CC-410,G&A,Professional fees,6000,6000,6000
2025-04,CC-110,Sales,Compensation,62000,62000,62000
2025-04,CC-110,Sales,T&E,8000,7280,7280
2025-04,CC-210,Marketing,Media,28000,31360,31360
2025-04,CC-210,Marketing,Agency,9000,9000,9000
2025-04,CC-310,Operations,Warehouse,22000,22000,22000
2025-04,CC-310,Operations,Freight,14000,15120,15120
2025-04,CC-410,G&A,Technology,11000,11000,11000
2025-04,CC-410,G&A,Professional fees,6000,6000,6000
2025-05,CC-110,Sales,Compensation,62000,62000,62000
2025-05,CC-110,Sales,T&E,8000,7280,7280
2025-05,CC-210,Marketing,Media,28000,31360,31360
2025-05,CC-210,Marketing,Agency,9000,9000,9000
2025-05,CC-310,Operations,Warehouse,22000,22000,22000
2025-05,CC-310,Operations,Freight,14000,15120,15120
2025-05,CC-410,G&A,Technology,11000,11000,11000
2025-05,CC-410,G&A,Professional fees,6000,6000,6000
2025-06,CC-110,Sales,Compensation,62000,62000,62000
2025-06,CC-110,Sales,T&E,8000,7280,7280
2025-06,CC-210,Marketing,Media,28000,31360,31360
2025-06,CC-210,Marketing,Agency,9000,9000,9000
2025-06,CC-310,Operations,Warehouse,22000,22000,22000
2025-06,CC-310,Operations,Freight,14000,15120,15120
2025-06,CC-410,G&A,Technology,11000,11000,11000
2025-06,CC-410,G&A,Professional fees,6000,6000,6000
2025-07,CC-110,Sales,Compensation,62000,62000,62000
2025-07,CC-110,Sales,T&E,8000,7280,7280
2025-07,CC-210,Marketing,Media,28000,31360,31360
2025-07,CC-210,Marketing,Agency,9000,9000,9000
2025-07,CC-310,Operations,Warehouse,22000,22000,22000
2025-07,CC-310,Operations,Freight,14000,15120,15120
2025-07,CC-410,G&A,Technology,11000,11000,11000
2025-07,CC-410,G&A,Professional fees,6000,6000,6000
2025-08,CC-110,Sales,Compensation,62000,62000,62000
2025-08,CC-110,Sales,T&E,8000,7280,7280
2025-08,CC-210,Marketing,Media,28000,31360,31360
2025-08,CC-210,Marketing,Agency,9000,9000,9000
2025-08,CC-310,Operations,Warehouse,22000,22000,22000
2025-08,CC-310,Operations,Freight,14000,15120,15120
2025-08,CC-410,G&A,Technology,11000,11000,11000
2025-08,CC-410,G&A,Professional fees,6000,6000,6000
2025-09,CC-110,Sales,Compensation,62000,62000,62000
2025-09,CC-110,Sales,T&E,8000,7280,7280
2025-09,CC-210,Marketing,Media,28000,31360,31360
2025-09,CC-210,Marketing,Agency,9000,9000,9000
2025-09,CC-310,Operations,Warehouse,22000,22000,22000
2025-09,CC-310,Operations,Freight,14000,15120,15120
2025-09,CC-410,G&A,Technology,11000,11000,11000
2025-09,CC-410,G&A,Professional fees,6000,6000,6000
2025-10,CC-110,Sales,Compensation,62000,62000,62000
2025-10,CC-110,Sales,T&E,8000,7280,7280
2025-10,CC-210,Marketing,Media,28000,31360,31360
2025-10,CC-210,Marketing,Agency,9000,9000,9000
2025-10,CC-310,Operations,Warehouse,22000,22000,22000
2025-10,CC-310,Operations,Freight,14000,15120,15120
2025-10,CC-410,G&A,Technology,11000,11000,11000
2025-10,CC-410,G&A,Professional fees,6000,6000,6000
2025-11,CC-110,Sales,Compensation,62000,62000,62000
2025-11,CC-110,Sales,T&E,8000,7280,7280
2025-11,CC-210,Marketing,Media,32200,36064,36064
2025-11,CC-210,Marketing,Agency,9000,9000,9000
2025-11,CC-310,Operations,Warehouse,22000,22000,22000
2025-11,CC-310,Operations,Freight,14000,15120,15120
2025-11,CC-410,G&A,Technology,11000,11000,11000
2025-11,CC-410,G&A,Professional fees,6000,6000,6000
2025-12,CC-110,Sales,Compensation,62000,62000,62000
2025-12,CC-110,Sales,T&E,8000,7280,7280
2025-12,CC-210,Marketing,Media,28000,31360,31360
2025-12,CC-210,Marketing,Agency,9000,9000,9000
2025-12,CC-310,Operations,Warehouse,22000,22000,22000
2025-12,CC-310,Operations,Freight,14000,15120,15120
2025-12,CC-410,G&A,Technology,11000,11000,11000
2025-12,CC-410,G&A,Professional fees,6000,6000,6000
2026-01,CC-110,Sales,Compensation,65100,65100,65100
2026-01,CC-110,Sales,T&E,8400,7644,7644
2026-01,CC-210,Marketing,Media,29400,32928,32928
2026-01,CC-210,Marketing,Agency,9450,9450,9450
2026-01,CC-310,Operations,Warehouse,23100,23100,23100
2026-01,CC-310,Operations,Freight,14700,15876,15876
2026-01,CC-410,G&A,Technology,11550,11550,11550
2026-01,CC-410,G&A,Professional fees,6300,6300,6300
2026-02,CC-110,Sales,Compensation,65100,65100,65100
2026-02,CC-110,Sales,T&E,8400,7644,7644
2026-02,CC-210,Marketing,Media,29400,32928,32928
2026-02,CC-210,Marketing,Agency,9450,9450,9450
2026-02,CC-310,Operations,Warehouse,23100,23100,23100
2026-02,CC-310,Operations,Freight,14700,15876,15876
2026-02,CC-410,G&A,Technology,11550,11550,11550
2026-02,CC-410,G&A,Professional fees,6300,6300,6300
2026-03,CC-110,Sales,Compensation,65100,65100,65100
2026-03,CC-110,Sales,T&E,8400,7644,7644
2026-03,CC-210,Marketing,Media,29400,32928,32928
2026-03,CC-210,Marketing,Agency,9450,9450,9450
2026-03,CC-310,Operations,Warehouse,23100,23100,23100
2026-03,CC-310,Operations,Freight,14700,15876,15876
2026-03,CC-410,G&A,Technology,11550,11550,11550
2026-03,CC-410,G&A,Professional fees,6300,6300,6300
2026-04,CC-110,Sales,Compensation,65100,,65100
2026-04,CC-110,Sales,T&E,8400,,8400
2026-04,CC-210,Marketing,Media,29400,,31752
2026-04,CC-210,Marketing,Agency,9450,,9450
2026-04,CC-310,Operations,Warehouse,23100,,23100
2026-04,CC-310,Operations,Freight,14700,,14700
2026-04,CC-410,G&A,Technology,11550,,11550
2026-04,CC-410,G&A,Professional fees,6300,,6300
2026-05,CC-110,Sales,Compensation,65100,,65100
2026-05,CC-110,Sales,T&E,8400,,8400
2026-05,CC-210,Marketing,Media,29400,,31752
2026-05,CC-210,Marketing,Agency,9450,,9450
2026-05,CC-310,Operations,Warehouse,23100,,23100
2026-05,CC-310,Operations,Freight,14700,,14700
2026-05,CC-410,G&A,Technology,11550,,11550
2026-05,CC-410,G&A,Professional fees,6300,,6300
2026-06,CC-110,Sales,Compensation,65100,,65100
2026-06,CC-110,Sales,T&E,8400,,8400
2026-06,CC-210,Marketing,Media,29400,,31752
2026-06,CC-210,Marketing,Agency,9450,,9450
2026-06,CC-310,Operations,Warehouse,23100,,23100
2026-06,CC-310,Operations,Freight,14700,,14700
2026-06,CC-410,G&A,Technology,11550,,11550
2026-06,CC-410,G&A,Professional fees,6300,,6300
